{
    "type": "minecraft:crafting_shapeless",
    "ingredients": [
        {
            "item": "minecraft:ender_pearl"
        },
        {
            "item": "minecraft:obsidian"
        },
        {
            "item": "minecraft:ender_pearl"
        },
        {
            "item": "minecraft:obsidian"
        },
        {
            "item": "minecraft:ender_eye"
        },
        {
            "item": "minecraft:obsidian"
        },
        {
            "item": "minecraft:ender_pearl"
        },
        {
            "item": "minecraft:obsidian"
        },
        {
            "item": "minecraft:ender_pearl"
        }
    ],
    "result": {
        "item": "minecraft:end_portal_frame",
        "count": 1
    }
}